"Time [ms]","InducedVoltage(M1PhA) [V]","InducedVoltage(M1PhB) [V]","InducedVoltage(M1PhC) [V]"
0,-10.4345003157291,-85.4202018814598,94.504276749289
0.05,-6.86663401613496,-87.0301057403358,93.1221780542335
0.1,-3.29876771654081,-88.6400095992118,91.740079359178
0.15,-0.137114276964612,-90.0935904721603,90.1527990909784
0.2,3.42282825299245,-91.6065774796904,88.6217775051743
0.25,6.73533877194377,-93.0668145800118,87.0190366684129
0.3,10.1877810603829,-94.4182826890497,85.29429959481
0.35,13.4790075620744,-95.6017553539336,83.440376503911
0.4,16.861450131862,-96.7123801017014,81.4432366217177
0.45,20.1149724695432,-97.6911412067707,79.2873249252982
0.5,23.4437473746957,-98.6294807980578,77.0222929827471
0.55,26.5510413011932,-99.4450329204997,74.7577461901444
0.6,29.7635450713751,-100.384554996865,72.3863362789767
0.65,32.86925093471,-101.303930679603,70.0535766866531
0.7,36.0259227339632,-102.028015040217,67.53510304772
0.75,38.9699964495921,-102.552094954705,65.0835199028682
0.8,42.0106740616,-103.020495846582,62.4490328081501
0.85,44.9334998124501,-103.373679391882,59.765655247877
0.9,47.858121115763,-103.621548583004,57.043355448359
0.95,50.6192796783839,-103.77171690749,54.3707836729984
1,53.4167151490894,-103.713786877805,51.5900349448672
1.05,56.1467709474189,-103.695236329311,48.7770588287034
1.1,58.8310987421831,-103.476134974344,45.9230219529827
1.15,61.5383261669183,-103.158154780683,42.9937084375931
1.2,64.1727962299449,-102.710095270432,40.0698792922055
1.25,66.7222919366339,-102.185339098162,37.0136028103929
1.3,69.1871587665657,-101.551174209692,33.9134922729117
1.35,71.5968559314994,-100.748493390764,30.8444867627222
1.4,73.9275627923974,-99.7492604225042,27.6916205991012
1.45,76.2140711838608,-98.8565858101538,24.5206848783514
1.5,78.5264577865377,-98.0274848737873,21.1776150432585
1.55,80.6962109083167,-97.0333343752637,18.0232282634241
1.6,82.7579860324232,-95.969036990229,14.6687343381641
1.65,84.6581852912284,-94.8072162151689,11.3443034901545
1.7,86.4604636524127,-93.5557672945284,7.8305291140518
1.75,88.0664687839955,-92.1062979219112,4.58418837860852
1.8,89.618248259655,-90.61890574624,1.14489047968125
1.85,91.1697035697434,-89.1019569908669,-2.25685212506765
1.9,92.6129310894699,-87.5798339797998,-5.6880530276332
1.95,94.0049460559705,-85.9207632462422,-9.03018441853476
2,95.2127849551249,-84.0557588961824,-12.4059214481276
2.05,96.2779018592604,-82.0594646365552,-15.7445111577287
2.1,97.3399562551802,-79.9249486208192,-19.0930286136021
2.15,98.3610014886929,-77.7592772055383,-22.3570612993956
2.2,99.2340720464768,-75.491360126585,-25.5402207166411
2.25,100.084076752423,-73.1800705641619,-28.7126624889777
2.3,101.044862960641,-70.8214665051859,-31.8993208449442
2.35,101.747206068454,-68.3682966652363,-34.9477449845254
2.4,102.325214324255,-65.831345245379,-37.9946205635828
2.45,102.852723885537,-63.2589637976849,-41.0484983460346
2.5,103.332076038762,-60.6412768069292,-44.0232924017475
2.55,103.660797551633,-57.9666726809469,-46.9085616619563
2.6,103.734709362939,-55.2647471276946,-49.6888570959397
2.65,103.682249905168,-52.5031902574458,-52.4808752385991
2.7,103.662352866621,-49.6539796983153,-55.2698376606492
2.75,103.540321983225,-46.8560965578291,-57.9782475292379
2.8,103.289838716118,-43.9898277116391,-60.6525416215553
2.85,102.924736283196,-41.0295529253535,-63.3325984587163
2.9,102.436998253764,-37.9931902393316,-65.9063399571574
2.95,101.798693856572,-34.9444716701919,-68.3971749135845
3,100.986117074687,-31.8674976432309,-70.7896923858423
3.05,99.9974698804289,-28.7351394898305,-73.1425150547593
3.1,99.156679308527,-25.5050221565201,-75.5293131818382
3.15,98.3877223627855,-22.3343444456059,-77.846250809212
3.2,97.4230515094535,-19.1173590913096,-80.0161547672545
3.25,96.3688383644444,-15.7734067691789,-82.0745515998183
3.3,95.2184089352992,-12.3926389458451,-84.0399403581388
3.35,93.9259519675753,-9.0840167919648,-85.853967642977
3.4,92.5593953329171,-5.69922804673773,-87.5778503099847
3.45,91.1405545076013,-2.26073955673312,-89.1668594758074
3.5,89.6719313236502,1.15350545524751,-90.7245126785611
3.55,88.1552185273732,4.5203261645882,-92.1947107094179
3.6,86.530578880176,7.85775181236514,-93.561873382822
3.65,84.6728424005858,11.2889332692251,-94.7494829908149
3.7,82.6789539655565,14.6563118788401,-95.9146674911215
3.75,80.6414988317594,17.9639459279773,-97.035128470256
3.8,78.5188671869652,21.2182119428267,-98.1167907029104
3.85,76.3110640670325,24.4765943884612,-99.0296786298903
3.9,73.9919490740104,27.6849941685903,-99.8103082949793
3.95,71.6341853518096,30.8076305661537,-100.694551105998
4,69.146486588203,33.8823597072152,-101.48411854369
4.05,66.6697779428249,36.9928057554381,-102.132446397676
4.1,64.1350327890428,40.0736440432098,-102.777388210866
4.15,61.5630940129419,43.044734101878,-103.276533279376
4.2,58.9348304891091,45.8841283227962,-103.584154068641
4.25,56.1607988170204,48.780115023575,-103.72017766885
4.3,53.396991289682,51.5470328782336,-103.677472964845
4.35,50.616530085012,54.321162448579,-103.619443204728
4.4,47.8250100137734,57.0388645214009,-103.639979211203
4.45,44.946073290219,59.8098795509,-103.498906137215
4.5,42.0285021953032,62.4662049829089,-103.127224260468
4.55,39.0592187585231,65.0303345528447,-102.61714156823
4.6,36.0150087901462,67.4919915041572,-102.01484327751
4.65,32.8856425233959,69.9648401930369,-101.224789632378
4.7,29.7510023434222,72.3635991636498,-100.338085106925
4.75,26.5772904065498,74.7555178666512,-99.4638708448807
4.8,23.5049501594631,77.0630059363106,-98.7649452343324
4.85,20.177644457231,79.2720548669601,-97.7941367330842
4.9,16.8795168143282,81.353829140752,-96.7419807142719
4.95,13.5087988982513,83.315236724964,-95.5645888446546
5,10.2824256777667,85.2613362127674,-94.3546699244008
5.05,6.77436763169947,87.0134274320339,-93.0396753059876
5.1,3.3688917595176,88.6663110317795,-91.6750848173742
5.15,0.0584391729929745,90.1697004201915,-90.2456542330282
5.2,-3.37273706007168,91.6959070457785,-88.7190874853816
5.25,-6.76506935704202,93.0240477115268,-87.0813526868858
5.3,-10.1484556574205,94.3021277099332,-85.2426216714588
5.35,-13.4506646503241,95.5247412998539,-83.3404845058952
5.4,-16.8871788878427,96.7455692562628,-81.3973489670303
5.44999999999999,-20.1546579281331,97.7607076522059,-79.299489074047
5.49999999999999,-23.3987045465173,98.7060868240916,-77.0963514081582
5.54999999999999,-26.597412927335,99.476641729609,-74.7812984546561
5.59999999999999,-29.7217382555576,100.296776427449,-72.4144260408527
5.64999999999999,-32.8754595737685,101.210705606811,-69.9801263158528
5.69999999999999,-35.9670116482941,101.963363533403,-67.5352383350339
5.74999999999999,-39.0862063019859,102.627413599224,-65.0301081645255
5.79999999999999,-41.9796152418861,103.100110151385,-62.504758946445
5.84999999999999,-44.9693990286587,103.479358467283,-59.8044485169219
5.89999999999999,-47.786393156512,103.616442329517,-57.0995642231314
5.94999999999999,-50.6356731962237,103.605170267455,-54.2864046137131
5.99999999999999,-53.3795003016807,103.673058936627,-51.566136290947
6.04999999999999,-56.1718538469091,103.672365962626,-48.7518976346846
6.09999999999999,-58.8793377926883,103.574255155472,-45.9416769891219
6.14999999999999,-61.58541288247,103.227812000202,-43.0418709786728
6.19999999999999,-64.1153058673544,102.763687570916,-40.0666402302829
6.24999999999999,-66.6765351165854,102.1260335808,-37.0046204624996
6.29999999999999,-69.1534788601733,101.459623829081,-33.9272084797521
6.34999999999999,-71.6261822540531,100.666120173981,-30.7940258335254
6.39999999999999,-73.9582447548354,99.7786654522426,-27.6748993598003
6.44999999999999,-76.2794931652858,98.9753865395106,-24.4945024079896
6.49999999999999,-78.5265928673728,98.1033684457259,-21.2750557605185
6.54999999999999,-80.6603359805197,97.0226090336922,-17.9908256108052
6.59999999999999,-82.6368440930986,95.8843961033502,-14.638298912838
6.64999999999999,-84.6683472458692,94.728810629596,-11.3149923203665
6.69999999999999,-86.513490005701,93.5073571015038,-7.92202705835354
6.74999999999999,-88.1126772825436,92.1928571136893,-4.48942262931684
6.79999999999999,-89.6944203779459,90.7002621738126,-1.20051900214968
6.84999999999999,-91.1234227532942,89.1563946065857,2.27399411830476
6.89999999999999,-92.5350101464131,87.504121039379,5.57049788478814
6.94999999999999,-93.9455484764123,85.858267656381,9.12979616589149
6.99999999999999,-95.2047989014002,84.020015494021,12.4015463274202
7.04999999999999,-96.3581046297217,82.0519002781081,15.7690454952958
7.09999999999998,-97.4207156982483,80.0132492892713,19.0467503800018
7.14999999999998,-98.4098275620447,77.8126595575954,22.3948029624771
7.19999999999998,-99.1489669594586,75.4966870960588,25.5244917681957
7.24999999999998,-99.9784785755864,73.1056448297199,28.7190170050011
7.29999999999998,-100.972600853827,70.7802686443867,31.8479095575197
7.34999999999998,-101.842923567441,68.3329600847041,35.0077797984832
7.39999999999998,-102.416497596336,65.8851604987459,38.0293543951543
7.44999999999998,-102.940895976535,63.3094144447949,41.0448238105732
7.49999999999998,-103.31353997041,60.6834743195411,43.9867049500681
7.54999999999998,-103.51444437837,57.9009608283532,46.8945723566255
7.59999999999998,-103.688380403496,55.2369334883357,49.6820031963241
7.64999999999998,-103.697646050134,52.475984740869,52.5138177923867
7.69999999999998,-103.716268653124,49.7118655315959,55.2819027493273
7.74999999999998,-103.635096433223,46.8421622710163,57.9907522768797
7.79999999999998,-103.367846722384,44.0094395738111,60.6920653849258
7.84999999999998,-102.861829136125,41.0436492689537,63.2866143404343
7.89999999999998,-102.316304405844,38.0038817779588,65.8560283379811
7.94999999999998,-101.755546558027,34.8945566002085,68.4122236110951
7.99999999999998,-101.012632310254,31.8475514034106,70.8438019364413
8.04999999999998,-100.084999810093,28.7351344184628,73.1974481255745
8.09999999999998,-99.2143199374922,25.567586821168,75.5304369048096
8.14999999999998,-98.4173153558339,22.3376270528147,77.8044318779233
8.19999999999998,-97.3299875033931,19.0756520297169,79.9354151408163
8.24999999999998,-96.285484429378,15.7796075384775,82.0735082309126
8.29999999999998,-95.1728644526376,12.4555266437593,84.0724202104553
8.34999999999998,-94.0009030516065,8.97426893056164,85.9425122564283
8.39999999999998,-92.6624319792779,5.70104411556638,87.6087091161615
8.44999999999998,-91.1916923522851,2.30519142248253,89.1507594302865
8.49999999999998,-89.613012704591,-1.11290637622941,90.6241696413193
8.54999999999998,-88.0687925847473,-4.55001555558276,92.1182152929187
8.59999999999998,-86.4750596325925,-7.88955408966063,93.5624775139859
8.64999999999998,-84.6787576974134,-11.2657698346269,94.8440237625131
8.69999999999998,-82.7704998707801,-14.6431418195031,95.9995216393555
8.74999999999997,-80.7195590146939,-17.9944081946593,97.0546207484732
8.79999999999997,-78.533882113849,-21.2189101777405,98.0477563670677
8.84999999999997,-76.2449537019111,-24.4274982596299,98.9387799857029
8.89999999999997,-73.9331433752785,-27.6573670138197,99.7540437941313
8.94999999999997,-71.5644274651131,-30.8615598660317,100.721966462959
8.99999999999997,-69.2128282566468,-33.9209520879707,101.595956079898
9.04999999999997,-66.7547487017123,-36.9649817191253,102.231928252965
9.09999999999997,-64.1601835812866,-40.024818517978,102.742945203968
9.14999999999997,-61.5116771839674,-43.0299486481245,103.122686653854
9.19999999999997,-58.8406505531258,-45.9113821355866,103.527386881649
9.24999999999997,-56.1960322044885,-48.7541353227516,103.748214201172
9.29999999999997,-53.401259286926,-51.586058581955,103.728587059795
9.34999999999997,-50.6431115619882,-54.3298772504819,103.726037805575
9.39999999999997,-47.8355092082838,-57.0543843554078,103.681893159031
9.44999999999997,-44.9872832769432,-59.7454892655636,103.434809621744
9.49999999999997,-42.0056054059381,-62.4353585196596,103.022371880882
9.54999999999997,-39.019607037219,-65.0024077355316,102.579958507461
9.59999999999997,-35.9713248862964,-67.5655491866531,102.018129661269
9.64999999999997,-32.9367682277504,-70.0175403472661,101.337139266604
9.69999999999997,-29.7786203744999,-72.3752724243679,100.412559268819
9.74999999999997,-26.6057669778741,-74.6961894509163,99.4669998646126
9.79999999999997,-23.41193340826,-76.9982375451958,98.6413767123029
9.84999999999997,-20.2344341712218,-79.2486652114482,97.739849470973
9.89999999999997,-16.8872318454011,-81.4026494061346,96.7071118656115
9.94999999999997,-13.5135292523736,-83.4103904598363,95.6254871963418
9.99999999999997,-10.1885514980526,-85.2826696287504,94.441321380927
10.05,-6.88257726978336,-87.0110081765529,93.1023303297299
10.1,-3.41031106621981,-88.5820100777462,91.632102038901
10.15,0.0318953472816519,-90.1044631731709,90.1381401468398
10.2,3.3651983527333,-91.6636558860298,88.6333302118075
10.25,6.71909316903085,-93.1562142887846,87.0821438186042
10.3,10.180474024204,-94.3842634581538,85.3446603102057
10.35,13.5505602518865,-95.5501425143028,83.4495726123052
10.4,16.8210274917657,-96.6586721712211,81.3699817749422
10.45,20.1073422895837,-97.6739758831845,79.2302830971683
10.5,23.3922137831827,-98.6725769113905,77.040881924435
10.55,26.619081125413,-99.5162285925279,74.7717875131271
10.6,29.76950813801,-100.406704319609,72.4152549783336
10.65,32.8558646054211,-101.276096635508,70.0534771859751
10.7,35.9592597668112,-101.941348652668,67.5601245734717
10.75,39.0338875741109,-102.512459183896,65.010229372997
10.8,42.0096091772593,-103.019309814117,62.4320936991446
10.85,44.9550271996435,-103.492862248046,59.8005454398098
10.9,47.8221357072084,-103.667922209061,57.0845092805988
10.95,50.6381588070492,-103.725843750329,54.3628794628953
11,53.4176335443703,-103.710683000939,51.5470291846426
11.05,56.0749265702071,-103.591960173248,48.8195806360242
11.1,58.8440987544847,-103.445132756427,45.8973765723741
11.15,61.5582854365188,-103.208983661221,43.0062824747229
11.2,64.2281209753226,-102.77569961658,40.0226074275772
11.25,66.7021866008127,-102.223927672301,37.0556798467675
11.3,69.1643909396675,-101.533074327923,33.9374765920891
11.35,71.5724005028845,-100.69112877363,30.8290419926072
11.4,73.9189710825866,-99.672441613584,27.6382126333724
11.45,76.2399736195757,-98.8872296191189,24.5056382219094
11.5,78.5503798594905,-98.0808626141204,21.2446199866806
11.55,80.7047148213016,-97.0890050224094,17.9876421028746
11.6,82.7547614367169,-95.9854388989968,14.6292011267768
11.65,84.6247850857568,-94.7976711572301,11.3815061883599
11.7,86.3951021151532,-93.462336004306,7.88836525182413
11.75,88.0836940297644,-92.0812621126552,4.52883255695313
11.8,89.6580800054106,-90.6603417698987,1.04753688044523
11.85,91.2420294332364,-89.1706502993569,-2.18739413219482
11.9,92.6163410804712,-87.6146164619362,-5.65577355142566
11.95,93.9483487444123,-85.929336943604,-9.03546833986024
12,95.1460629739012,-84.0051339301667,-12.4706646381667
12.05,96.2697372873821,-82.0140416577633,-15.6880363912698
12.1,97.3943001481199,-79.9225378030691,-19.1029769717815
12.15,98.4241860584502,-77.7821861016983,-22.3401462927719
12.2,99.2712055369899,-75.5691939747022,-25.5906321535082
12.25,100.052811894654,-73.1500336859195,-28.7140816797954
12.3,100.95493500099,-70.8161074040067,-31.8575996154907
12.35,101.698567396948,-68.3205027118217,-34.9272976468307
12.4,102.368939122431,-65.8049644961039,-38.0874279774429
12.45,102.913234731934,-63.3026654886809,-41.0026296060995
12.5,103.394308484849,-60.6645948327361,-44.0419583557988
12.55,103.625837743281,-58.0013136787627,-46.8688995200617
12.6,103.749391472898,-55.1950793701622,-49.7629374328679
12.65,103.604118616683,-52.5209076949046,-52.4105408629372
12.7,103.622792836714,-49.6439778501301,-55.273482191221
12.75,103.576227391732,-46.8552173595288,-57.975589446711
12.8,103.363068189556,-43.9821469627388,-60.7419089428324
12.85,102.963452342853,-41.056601647812,-63.3054853907206
12.8999999999999,102.42593158652,-38.0183980264281,-65.9036454789086
12.9499999999999,101.729639116028,-34.9542492041283,-68.3378830859901
12.9999999999999,100.923245895374,-31.7950335378303,-70.8208694079096
13.0499999999999,100.031887745844,-28.7507165435202,-73.1639708305074
13.0999999999999,99.1939767500705,-25.5411799661537,-75.5630698653181
13.1499999999999,98.4363220651416,-22.3701261637244,-77.8308106770875
13.1999999999999,97.4312735033357,-19.0152414316908,-80.032544242612
13.2499999999999,96.354389134372,-15.8333381223358,-82.0340155626728
13.2999999999999,95.1348631905527,-12.4373722221027,-84.0033588677591
13.3499999999999,93.8809463878756,-9.06531897213125,-85.8612042566878
13.3999999999999,92.5679570430932,-5.60568630292579,-87.5939281113414
13.4499999999999,91.2290546451783,-2.30832981629292,-89.250684321705
13.4999999999999,89.6994553182179,1.12508817113888,-90.7096301177759
13.5499999999999,88.1758350613393,4.49828446879741,-92.1556836979176
13.5999999999999,86.451828672702,7.87699374416861,-93.4614355757563
13.6499999999999,84.6266352025046,11.2863728126089,-94.7548823212674
13.6999999999999,82.6975545325462,14.6674146623077,-95.9665991420781
13.7499999999999,80.6825180108975,17.9267007832173,-97.1007198211148
13.7999999999999,78.5461041378541,21.2586440822837,-98.1228558680311
13.8499999999999,76.3594716404412,24.4737305911413,-98.9992278830024
13.8999999999999,73.9646110209258,27.6411757903916,-99.76336701458
13.9499999999999,71.5680216310802,30.7674552259612,-100.601782101262
13.9999999999999,69.1216277514861,33.9626554319628,-101.523624641832
14.0499999999999,66.7051066557983,36.9826261548245,-102.208372340049
14.0999999999999,64.1723357384766,40.0479591161657,-102.81539871486
14.1499999999999,61.5909513055274,43.0072075057064,-103.255679377174
14.1999999999999,58.869627794545,45.9619325346311,-103.580121641813
14.2499999999999,56.1660900935951,48.7115869672522,-103.642120923825
14.2999999999999,53.3974210891958,51.5495727370691,-103.653532013637
14.3499999999999,50.6123164446354,54.3245203293347,-103.674379356217
14.3999999999999,47.8141493773604,57.0954500166948,-103.665842622296
14.4499999999999,44.9707884312339,59.7828580465526,-103.532529126727
14.4999999999999,42.0656262480951,62.4407620056955,-103.124337995461
14.5499999999999,39.0447631896196,64.975626634472,-102.574877615044
14.5999999999999,35.9533565399417,67.520627616145,-101.929199015529
14.6499999999999,32.866818539693,69.9820152867792,-101.254940233785
14.6999999999999,29.782164276328,72.3965704458745,-100.384675192817
14.7499999999999,26.6443330657234,74.7450115895956,-99.5210365780053
14.7999999999999,23.4224829397656,77.082049362191,-98.7562817732264
14.8499999999999,20.1918371143472,79.2293215506248,-97.7855676861106
14.8999999999999,16.9102065715304,81.3146240193338,-96.6657551112299
14.9499999999999,13.5408092412082,83.3403488412859,-95.5278715679456
14.9999999999999,10.1788296191746,85.2655468295579,-94.3742325362423
15.0499999999999,6.79610526470753,87.0922722597467,-93.1081502931913
15.0999999999999,3.45462791316753,88.6606697413905,-91.7197653842941
15.1499999999999,0.0442098631003862,90.1403417820698,-90.214011625048
15.1999999999999,-3.4318963402441,91.6098308880711,-88.6681509659734
15.2499999999999,-6.74606971041769,93.0252642320925,-87.0123082583679
15.2999999999999,-10.1130981477748,94.351932681,-85.2489035339676
15.3499999999999,-13.5050303017686,95.594724970003,-83.3959806407694
15.3999999999999,-16.8832986744383,96.7384520584845,-81.416659536436
15.4499999999999,-20.1560706167758,97.7650434376394,-79.3204744608938
15.4999999999999,-23.3561354939343,98.6582804951676,-77.0876960721029
15.5499999999999,-26.560629009158,99.4139551320486,-74.7339430899485
15.5999999999999,-29.7893624584628,100.323736063409,-72.361142629703
15.6499999999999,-32.8886059253097,101.284521064888,-70.0098551614828
15.6999999999999,-35.9582282707965,102.011618756759,-67.5798415624371
15.7499999999999,-39.0322815566957,102.604218218973,-65.0580760763941
15.7999999999999,-42.0533041528476,103.082456616254,-62.4668221309788
15.8499999999999,-44.8932213387981,103.400280583554,-59.7878849566469
15.8999999999999,-47.8088289699968,103.600885597535,-57.0866762074695
15.9499999999999,-50.6361984107445,103.658375795114,-54.3165339796964
15.9999999999999,-53.4364639996315,103.704965255561,-51.5495564562524
16.0499999999999,-56.1737478621149,103.702889638992,-48.772619046229
16.0999999999999,-58.8758620362717,103.593090834126,-45.9816060045815
16.1499999999999,-61.5265769558127,103.185235149124,-43.0239493813561
16.2,-64.1406032703384,102.684155780225,-40.0235673428817
16.25,-66.6887579133452,102.119831376601,-36.9879161565456
16.3,-69.1953388447022,101.502835490715,-33.9461445022837
16.35,-71.623536648682,100.727982545757,-30.8339575592453
16.4,-73.9576428819905,99.8087915933056,-27.6651999597799
16.45,-76.2742690946669,98.9667136430701,-24.4993674620408
16.5,-78.476594970141,98.0150988900322,-21.2777853995205
16.55,-80.628760674942,96.9802418805521,-17.9765543507426
16.6,-82.7399645214938,95.9326948932385,-14.6165245530272
16.65,-84.6964422344246,94.8027523646577,-11.2830719660384
16.7,-86.4701564323145,93.5509666481502,-8.0054711789268
16.75,-88.1211379298993,92.1671451592454,-4.49794060935704
16.8,-89.6078574621742,90.6683163156505,-1.11276683960826
16.85,-91.099501137824,89.0832014709642,2.2693244661659
16.9,-92.5996989615097,87.5602550976587,5.60731808724013
16.95,-93.9901923942454,85.8899176890099,9.0774844345548
17,-95.2158864748731,84.0510979739861,12.4550459504597
17.05,-96.3464889582513,82.0705047918102,15.7577801491005
17.1,-97.390427709293,80.002015134728,19.0217678700039
17.15,-98.3294157747062,77.7606487179056,22.3335889657766
17.2,-99.1643569705619,75.4655681037083,25.5744857721674
17.25,-100.060283769629,73.1170016954744,28.7609166356007
17.3,-101.035843777782,70.8523260292454,31.8228197243314
17.35,-101.798213386493,68.3572136359806,34.9736195052658
17.4,-102.392839773783,65.8574848956939,38.0354132261945
17.45,-102.863723461194,63.2554141979147,41.0586746786973
17.5,-103.314993375269,60.6862170884886,43.9438670735504
17.55,-103.572936011447,57.9300067294081,46.899636953916
17.6,-103.704467508411,55.1982551744684,49.7387007295252
17.65,-103.729766306269,52.515475866019,52.4932097681752
17.7,-103.744992124783,49.7181752152792,55.2716764271155
17.75,-103.58721417442,46.8575675796579,57.9646153952051
17.8,-103.262133278657,43.9670586386853,60.6567504030192
17.85,-102.847718866768,41.0522664225799,63.2876639033053
17.9,-102.391595647399,37.996560288302,65.942401104882
17.95,-101.789159173056,34.9338607081895,68.3897243568749
18,-101.028999961334,31.8530298682734,70.8286869523692
18.05,-100.073124023093,28.7109075934927,73.1817513160407
18.1,-99.1636377452719,25.5838515010526,75.4896916399092
18.15,-98.3334849042422,22.3214208280431,77.7840920761597
18.2,-97.3689578584579,19.0882412938287,80.002061184804
18.25,-96.3645459425996,15.7022777256638,82.1278257050284
18.3,-95.2078701032041,12.5339834650495,84.0568836284958
18.35,-93.9928013489619,9.02594752446195,85.9055020472432
18.4,-92.6154821049094,5.69453656903751,87.5664935746459
18.45,-91.1053283595134,2.20034331283037,89.0998778092386
18.5,-89.630732126787,-1.05617280360626,90.7268205591599
18.55,-88.1345760265337,-4.53936803592403,92.1654870334873
18.6,-86.4803078929624,-7.87770570537583,93.5778120584166
18.65,-84.6945411223554,-11.3090778528441,94.8039342823903
18.7,-82.7498233835222,-14.5894802779745,95.9669752139242
18.75,-80.6618373064885,-17.9609238538814,97.0095537451177
18.8,-78.5048407023481,-21.2220201300839,98.0498007681886
18.85,-76.2633058431225,-24.5109615673444,98.9985444069512
18.9,-73.9596209695098,-27.6543957173653,99.7999682433734
18.95,-71.6181810925479,-30.8167214341004,100.719516711896
19,-69.2082392294155,-33.901210402309,101.557428045897
19.05,-66.6935353413767,-36.9909968895837,102.182151447308
19.1,-64.128841032538,-40.0235573841201,102.672296725146
19.15,-61.5423063528236,-43.0189275811854,103.219316017389
19.2,-58.8742470684267,-45.9273918909081,103.586711506099
19.25,-56.1695344949797,-48.804138560774,103.735449493648
19.3,-53.4492139391768,-51.5227632231952,103.748928376824
19.35,-50.62541431407,-54.3163989859891,103.682406291201
19.4,-47.834361137693,-57.009622335783,103.561597647764
19.45,-44.9038887673131,-59.7974852804667,103.454283368123
19.5,-42.0606287252584,-62.4534590554582,103.098849183012
19.55,-39.0364876625815,-65.0310619684907,102.61452026462
19.6,-36.0050573190862,-67.5234661766741,102.038890752915
19.65,-32.8629630995009,-70.02069193739,101.313604690917
19.7000000000001,-29.7918305405243,-72.3211832882806,100.359984265365
19.7500000000001,-26.604872714312,-74.6771029885077,99.4180448517455
19.8000000000001,-23.4436923775805,-77.0488145664364,98.6712404108789
19.8500000000001,-20.1491164164075,-79.3318719532696,97.8047298231617
19.9000000000001,-16.9212535963298,-81.3716082128862,96.7507132588594
19.9500000000001,-13.5608448845254,-83.370129619228,95.6289884481495
20.0000000000001,-10.207758067492,-85.2311274929557,94.3956093301199
20.0500000000001,-6.73968103582001,-86.9495152876407,93.0280712177431
20.1000000000001,-3.46452570171019,-88.6570926770627,91.6461537694355
20.1500000000001,-0.02251800262143,-90.1858609135397,90.1890212236067
20.2000000000001,3.36378310069441,-91.6869510325424,88.6843281224423
20.2500000000001,6.80043181620571,-93.0788563564641,87.0975176348615
20.3000000000001,10.1380415665914,-94.3791742652933,85.338168317215
20.3500000000001,13.4877724691845,-95.5162952751902,83.3724903028843
20.4000000000001,16.8257192446242,-96.6296525438842,81.348893093186
20.4500000000001,20.1993353653007,-97.7553040261603,79.2909809658077
20.5000000000001,23.4001597403444,-98.720230015011,77.0534588432431
20.5500000000001,26.5853971230967,-99.5070422380957,74.7726669533782
20.6000000000001,29.7414422870546,-100.362494958414,72.4225957597854
20.6500000000001,32.8837503160984,-101.256749118052,70.0574749352562
20.7000000000001,35.9548419575062,-101.898715312162,67.512945864151
20.7500000000001,39.0220045602052,-102.549224492449,65.0176572846417
20.8000000000001,42.0258630775494,-103.082730017056,62.4634177983419
20.8500000000001,45.0151274533844,-103.52196287798,59.7713521560655
20.9000000000001,47.7976961342896,-103.673292006464,57.1228751940794
20.9500000000001,50.6011418025543,-103.678075705467,54.3689018982929
21.0000000000001,53.3770236791203,-103.605878073982,51.550250982807
21.0500000000001,56.170551099054,-103.598112505445,48.7364411749652
21.1000000000001,58.8746311486316,-103.548287918763,45.919251218936
21.1500000000001,61.5740953864841,-103.245560164585,43.0480451371806
21.2000000000001,64.1738465001929,-102.797193471439,40.0619904715505
21.2500000000001,66.70953502666,-102.193899857697,37.0016772813159
21.3000000000001,69.141548804724,-101.480271910909,33.9383312363029
21.3500000000001,71.5504858882859,-100.627665379583,30.8430943779864
21.4000000000001,73.9464693016384,-99.7106085355395,27.6741364498828
21.4500000000001,76.3235113169219,-98.9343056997498,24.4372363474055
21.5000000000001,78.5560921387138,-98.1248982296121,21.2793660124577
21.5500000000001,80.6693506926673,-97.0975741757082,18.0385364136215
21.6000000000001,82.6959241918998,-95.9315582114005,14.6608959985134
21.6500000000001,84.5615085519658,-94.7124568491109,11.2474715583966
21.7000000000001,86.4542630142975,-93.4391396725651,7.91577657525355
21.7500000000001,88.1823860966133,-92.1567641996074,4.59162502802202
21.8000000000001,89.6700105420009,-90.6808747420773,1.09655449283597
21.8500000000001,91.1597043304901,-89.1999144038577,-2.26089540033558
21.9000000000001,92.595025591512,-87.6238872290186,-5.6477816670325
21.9500000000001,93.9155135290059,-85.86236776149,-9.01244002636858
22.0000000000001,95.1373235935174,-83.9743562455506,-12.4465734279117
22.0500000000001,96.3069646726625,-82.0341742059255,-15.7309489209589
22.1000000000001,97.4398465276351,-79.9772660430806,-19.1208261426884
22.1500000000001,98.4430546831264,-77.8342586500216,-22.3238448138735
22.2000000000001,99.2182258606257,-75.5247810385329,-25.5547032761549
22.2500000000001,100.008389976718,-73.1533357601458,-28.7270825919289
22.3000000000001,100.915850728337,-70.747226007003,-31.8570957352288
22.3500000000001,101.740757951413,-68.3556427100154,-34.9342147920706
22.4000000000001,102.416221389474,-65.8298025214093,-38.0418067144894
22.4500000000001,102.968310412045,-63.2941561885447,-41.091276289581
22.5000000000001,103.376819296351,-60.6871041690055,-44.0117354447733
22.5500000000001,103.600848248217,-57.9920418615853,-46.8351168619813
22.6000000000001,103.62906104603,-55.2257521202026,-49.6938974204303
22.6500000000001,103.615922714126,-52.4251988211699,-52.5025130515855
22.7000000000001,103.663898920747,-49.6797180240727,-55.2661514915698
22.7500000000001,103.670737301802,-46.8892041160335,-58.0017052993043
22.8000000000001,103.384185974929,-43.9818740877757,-60.6995422284706
22.8500000000001,102.940315984939,-41.017497668227,-63.3241685988867
22.9000000000001,102.343643746171,-38.0217908359448,-65.8658706281262
22.9500000000001,101.678796223575,-34.9395052180596,-68.3311981411536
23.0000000000001,100.954691953549,-31.8343071722826,-70.8277499363347
23.0500000000001,100.087330230217,-28.7156060081689,-73.2258037597358
23.1000000000001,99.2341122609365,-25.5506942318201,-75.5699583448671
23.1500000000001,98.434699542387,-22.3580914350197,-77.7979944747634
23.2000000000002,97.3891537730631,-19.0849899549844,-79.9616375479639
23.2500000000002,96.2802682507412,-15.7431946982822,-82.0262080345738
23.3000000000002,95.1268610230746,-12.4401521602402,-84.0139726958228
23.3500000000002,93.9491204612022,-9.08029553752243,-85.9780457647907
23.4000000000002,92.6241594350449,-5.67006307247431,-87.6190502326735
23.4500000000002,91.2186824249397,-2.27019150219887,-89.1848118665237
23.5000000000002,89.7116343840376,1.17041242657712,-90.6845876690879
23.5500000000002,88.080021658429,4.39570313990223,-92.1121661944774
23.6000000000002,86.4106807218487,7.90991809324237,-93.4479431848245
23.6500000000002,84.6499835435066,11.3028066074711,-94.8158481736416
23.7000000000002,82.7296910700712,14.6835497314418,-96.0273370060145
23.7500000000002,80.7183277218507,17.9154156425571,-97.0945214299775
23.8000000000002,78.5677432423779,21.243689346026,-98.0983150843205
23.8500000000002,76.3010319934446,24.4647367270368,-98.9660988421141
23.9000000000002,73.8935556332665,27.6719255911556,-99.7152176966776
23.9500000000002,71.5786556968023,30.7843568145655,-100.636599617802
24.0000000000002,69.1731090546332,33.9381133957711,-101.567192795578
24.0500000000002,66.7230860720291,37.0113424507812,-102.254210926191
24.1000000000002,64.1521353027569,40.0625272968996,-102.819826100769
24.1500000000002,61.6182125231257,42.9715015335153,-103.224323915295
24.2000000000002,58.8451557627129,45.9157166559171,-103.484083324235
24.2500000000002,56.1361609452243,48.7522630610637,-103.647408714931
24.3000000000002,53.3674990414307,51.6056189865,-103.688864269612
24.3500000000002,50.6792717227061,54.3372988582908,-103.775163414248
24.4000000000002,47.831290416519,57.066123475103,-103.686437687339
24.4500000000002,44.986980418924,59.7748805877551,-103.501923214556
24.5000000000002,41.9897438199462,62.4256232497478,-103.048826891902
24.5500000000002,39.0824700437242,64.9707347016065,-102.540346637377
24.6000000000002,35.9392682015891,67.5403329007232,-101.957507186811
24.6500000000002,32.8966674434278,70.0247499055975,-101.287615401036
24.7000000000002,29.7674917020962,72.4174825086979,-100.475843924066
24.7500000000002,26.6339855639192,74.7118789329018,-99.4993729910575
24.8000000000002,23.4347127642426,77.0052277178504,-98.7109646300395
24.8500000000002,20.2105748127102,79.205738569792,-97.7047879874351
24.9000000000002,16.7914924924217,81.3614135188018,-96.6917232824799
24.9500000000002,13.6486649253609,83.3895816070523,-95.5735924240679
25.0000000000002,10.1607629795047,85.3164472030385,-94.417092717555
25.0500000000002,6.84589376820477,87.0323109590729,-93.1238868475931
25.1000000000002,3.29869341556044,88.6402787801024,-91.7401182344765
25.1500000000002,0.137033448688317,90.093801174371,-90.1525803514758
25.2000000000002,-3.42290198171613,91.6068079526577,-88.6215339781471
25.2500000000002,-6.73540757463453,93.0670394835956,-87.0187727128741
25.3000000000002,-10.1878384580872,94.4185037893463,-85.2940359966353
25.3500000000002,-13.4790828154918,95.6019702738435,-83.4400989511408
25.4000000000002,-16.8615239583164,96.7126038007618,-81.4429716168846
25.4500000000002,-20.115038999105,97.6913664834356,-79.2870754431529
25.5000000000002,-23.4438071973397,98.6297096344456,-77.0220546535502
25.5500000000002,-26.5510925758394,99.4452623224128,-74.7575218081545
25.6000000000002,-29.7635911673444,100.384804192556,-72.3861413644528
25.6500000000002,-32.8692976167344,101.304153397559,-70.0533823783311
25.7000000000002,-36.0259515939682,102.028222205845,-67.5349197019082
25.7500000000002,-38.9700302934393,102.552207385837,-65.0833316570215
25.8000000000002,-42.0107036464162,103.020756662672,-62.4489065872441
25.8500000000002,-44.9335649797694,103.380478429737,-59.7675037807321
25.9000000000002,-47.8582872535255,103.61969027004,-57.0433152265271
25.9500000000002,-50.6193345429706,103.765263369091,-54.3699844902268
26.0000000000002,-53.4100590131875,103.716388085014,-51.574423879473
26.0500000000002,-56.1531833573675,103.695573986545,-48.7912122701078
26.1000000000002,-58.8311431628757,103.476416558628,-45.9224120010526
26.1500000000002,-61.5461878944867,103.158430061328,-43.023123761457
26.2000000000002,-64.1580419172533,102.710428853748,-40.0113026503029
26.2500000000002,-66.7298005172956,102.185654755624,-37.0444715766655
26.3000000000002,-69.18702701601,101.552223347721,-33.9124765209425
26.3500000000002,-71.5974796479413,100.748010150753,-30.8459632516828
26.4000000000002,-73.9271910115857,99.7430269317992,-27.6904968000458
26.4500000000002,-76.2141598425078,98.8600589186887,-24.5208259362623
26.5000000000002,-78.5266246527774,98.0305634148425,-21.1778740206886
26.5500000000002,-80.6963473802555,97.0344139486004,-18.0234409152857
26.6000000000002,-82.7581066591396,95.9693791990238,-14.6689372436382
26.6500000000002,-84.658251607608,94.8075485081976,-11.3444682438341
26.7000000000003,-86.4606763636092,93.5561023456449,-7.83081726041024
26.7500000000003,-88.0665623385651,92.1066392664796,-4.58429681154726
26.8000000000003,-89.6183194756556,90.6192521502461,-1.14500159588971
26.8500000000003,-91.1717482783997,89.1023059210769,2.25661480329931
26.9000000000003,-92.6112097652063,87.580191800935,5.68787939411675
26.9500000000003,-94.0054304583177,85.9211369745275,9.02965358210272
27.0000000000003,-95.212450135243,84.0561413200447,12.406294515096
27.0500000000003,-96.2783083253975,82.0598594879007,15.7440731717551
27.1000000000003,-97.3402037450939,79.9253523029264,19.0927875639663
27.1500000000003,-98.3612636575711,77.7596890549598,22.3568070976493
27.2000000000003,-99.2343842105772,75.4917718197465,25.5399364825948
27.2500000000003,-100.08448078283,73.1804766105495,28.7123123962008
27.3000000000003,-101.045090790472,70.8218637887589,31.8991049342016
27.3500000000003,-101.747609591137,68.3686835376324,34.9474231572461
27.4000000000003,-102.325607556962,65.8317169428046,37.9943231791918
27.4500000000003,-102.853218234521,63.2593181823499,41.0481367494103
27.5000000000003,-103.33238375058,60.641609794449,44.0231138551839
27.5500000000003,-103.66120254433,57.9669807424887,46.908278145551
27.6000000000003,-103.735065326788,55.265060002499,49.6886781202116
27.6500000000003,-103.682772608343,52.5035141364461,52.480472047316
27.7000000000003,-103.66260893135,49.6538145540276,55.2712487387652
27.7500000000003,-103.540221044185,46.8597047765201,57.9651310359913
27.8000000000003,-103.291719910863,43.9847805663207,60.673726968552
27.8500000000003,-102.924978161185,41.032387755498,63.3219333408108
27.9000000000003,-102.440953214768,37.993198526407,65.907154910344
27.9500000000003,-101.786358933491,34.9447070190062,68.3987846297679
28.0000000000003,-100.994215834201,31.8676578921179,70.7883192869924
28.0500000000003,-99.9963742175056,28.7353064316354,73.142928227084
28.1000000000003,-99.1568016634037,25.5051601433925,75.5292627012183
28.1500000000003,-98.3874097259679,22.3344604827874,77.8464427291911
28.2000000000003,-97.4240428199473,19.1174483211676,80.016002629589
28.2500000000003,-96.3685194731237,15.7752113977855,82.0747992258852
28.3000000000003,-95.2184860964878,12.3924766835981,84.0400992458956
28.3500000000003,-93.925503639703,9.08241780936347,85.854259971401
28.4000000000003,-92.5591641080073,5.69955499128749,87.5780912270582
28.4500000000003,-91.140149300109,2.26075439697826,89.1671552713097
28.5000000000003,-89.671600989687,-1.15410913214709,90.7247764338612
28.5500000000003,-88.1548804494722,-4.5204823051459,92.1949689995671
28.6000000000003,-86.530259939413,-7.85791718223905,93.5621135503753
28.6500000000003,-84.6725439679879,-11.2891265396126,94.7497027054819
28.7000000000003,-82.6786594189038,-14.6565546113187,95.9148635105667
28.7500000000003,-80.6412387470023,-17.9642297103716,97.0352942461653
28.8000000000003,-78.5186341880476,-21.2185061088233,98.1169240308434
28.8500000000003,-76.3108734246643,-24.4769030491315,99.0297943963703
28.9000000000003,-73.9918130456499,-27.6853268681448,99.8103680893368
28.9500000000003,-71.6340742318372,-30.8079824517443,100.694589712377
29.0000000000003,-69.1464864288357,-33.8827224974159,101.484142365717
29.0500000000003,-66.6697654100207,-36.9931664138301,102.132456264919
29.1000000000003,-64.135071024406,-40.074020523681,102.777394366386
29.1500000000003,-61.5632142883177,-43.0451172188589,103.276527121292
29.2000000000003,-58.9350071232686,-45.8845136590114,103.584152321475
29.2500000000003,-56.1610098436766,-48.7804998570523,103.720164378072
29.3000000000003,-53.3972471461613,-51.5474111567138,103.677458015547
29.3500000000003,-50.6168040202537,-54.3215348846821,103.619431831538
29.4000000000003,-47.8252920191996,-57.0392271611053,103.639961102914
29.4500000000003,-44.9463809827505,-59.8102310871429,103.498879865698
29.5000000000003,-42.0288023424259,-62.4665648843481,103.127200430226
29.5500000000003,-39.0595248690273,-65.0306963884723,102.617120085714
29.6000000000003,-36.0152968969762,-67.492345506189,102.014820104728
29.6500000000003,-32.8859118464464,-69.9651848050545,101.224769816271
29.7000000000003,-29.751268855327,-72.3639364082965,100.338069684637
29.7500000000003,-26.5775305430321,-74.7558435097179,99.4638589675913
29.8000000000003,-23.5051707217299,-77.0633224015221,98.7649453417386
29.8500000000003,-20.1778572270578,-79.2723619122326,97.7940957262395
29.9000000000003,-16.8797055568148,-81.354137630261,96.7424133661567
29.9500000000003,-13.5089646043107,-83.3155340603048,95.5623122994094
30.0000000000003,-10.2826895179059,-85.2616292562128,94.3544814688482
30.0500000000003,-6.77490791518631,-87.0137230460788,93.0464715406173
30.1000000000003,-3.37281296117375,-88.666578957019,91.6575318043389
30.1500000000004,-0.0283708609516431,-90.1699482355916,90.2565329961952
30.2000000000004,3.34861809872244,-91.696231763522,88.72114324634
30.2500000000004,6.76428554624187,-93.0243357179819,87.0813608377816
30.3000000000004,10.1119305461933,-94.3024373815063,85.2428602479674
30.3500000000004,13.5341976041636,-95.5249224975956,83.3400251761529
30.4000000000004,16.8388582642864,-96.7459316822707,81.3976720201048
30.4500000000004,20.1561633104519,-97.760983779676,79.2995132914273
30.5000000000004,23.3988924775902,-98.706378993474,77.0963842236721
30.5500000000004,26.5991794174691,-99.4771795004606,74.781390092292
30.6000000000004,29.7206308364528,-100.296846851805,72.4144053725875
30.6500000000004,32.8756075538295,-101.208153902751,69.979218231582
30.7000000000004,35.9677254203888,-101.966478270321,67.5362106046512
30.7500000000004,39.0866318990435,-102.627752695172,65.0301600551789
30.8000000000004,41.9802706312994,-103.100408954478,62.504687513748
30.8500000000004,44.96680014209,-103.479019508982,59.8046200960128
30.9000000000004,47.7887246742825,-103.61716824812,57.0996217365388
30.9500000000004,50.6359108960769,-103.605328724813,54.2933620934893
31.0000000000004,53.3808765605565,-103.673728816404,51.5592989604191
31.0500000000004,56.1724562311189,-103.672660035638,48.7520085161719
31.1000000000004,58.8784154773525,-103.574174241766,45.941780266755
31.1500000000004,61.5871522632799,-103.228510043037,43.0419938084781
31.2000000000004,64.1155923889181,-102.763991078775,40.0667844512731
31.2500000000004,66.6770438440351,-102.126336222551,37.0047866228845
31.3000000000004,69.1540179516256,-101.459923871867,33.9273900754278
31.3500000000004,71.6267548347804,-100.666430835167,30.7942135991257
31.4000000000004,73.9588610066169,-99.7789611694022,27.675108271043
31.4500000000004,76.2802198033818,-98.9756631783914,24.4947046095856
31.5000000000004,78.5271436288615,-98.1036540837606,21.2752476489092
31.5500000000004,80.661028303225,-97.0228923200223,17.9910037348757
31.6000000000004,82.6371471266707,-95.8846783607646,14.638472202636
31.6500000000004,84.6693716615049,-94.7290859954344,11.3151312213161
31.7000000000004,86.514122993058,-93.5076346807742,7.92215474095415
31.7500000000004,88.1132001069071,-92.1931320618949,4.48953561503318
31.8000000000004,89.6948709918152,-90.7005352228368,1.19988293472317
31.8500000000004,91.124139186656,-89.1566501025204,-2.27142095940935
31.9000000000004,92.5398911440234,-87.504417568518,-5.59317714897423
31.9500000000004,93.9443535318585,-85.8584779918678,-9.09806379531641
32.0000000000004,95.2036630394101,-84.0202780539798,-12.4121072835592
32.0500000000004,96.3579947649142,-82.052142084407,-15.7689526066285
32.1000000000004,97.4284365889247,-80.0134865657731,-19.0467010832029
32.1500000000004,98.4000335452043,-77.8128773945824,-22.3947254447082
32.2000000000004,99.1482188761758,-75.4968980589513,-25.5244272097671
32.2500000000004,99.9731331544898,-73.1058412458113,-28.7189421156631
32.3000000000004,100.986172518119,-70.7804727636055,-31.8478958549689
32.3500000000004,101.83151157021,-68.3331180634317,-35.0076907693797
32.4000000000004,102.421313015125,-65.8857713263961,-38.0283428362726
32.4500000000004,102.93831954619,-63.3100545844567,-41.0431650307008
32.5000000000004,103.314760903674,-60.6795672635518,-44.0009482969694
32.5500000000004,103.514006200626,-57.9043148840602,-46.8819328287395
32.6000000000004,103.687669485137,-55.2367191134134,-49.6829284903555
32.6500000000004,103.69694555707,-52.4760229780685,-52.5137690368677
32.7000000000004,103.71559623735,-49.7118725461171,-55.281880666942
32.7500000000004,103.63448136523,-46.8421497650939,-57.9907310330552
32.8000000000004,103.367238350566,-44.0094316762257,-60.6920468848132
32.8500000000004,102.861304084063,-41.0437294697885,-63.2866157034628
32.9000000000004,102.315699508613,-38.0036490281077,-65.8560387700113
32.9500000000004,101.755070982754,-34.8944696142972,-68.4122374736815
33.0000000000004,101.012211005249,-31.847454347147,-70.8438220192864
33.0500000000004,100.084495894096,-28.7344211860568,-73.1974787254008
33.1000000000004,99.214236167468,-25.5680813079101,-75.5304790013791
33.1500000000004,98.4171444862485,-22.337502088518,-77.80449855805
33.2000000000004,97.3298981892982,-19.07553803983,-79.9355095637877
33.2500000000004,96.2854616653134,-15.7795019036899,-82.073619524122
33.3000000000004,95.172916989186,-12.455413603597,-84.0725782730592
33.3500000000004,94.0010200364785,-8.97417104372133,-85.9426904977725
33.4000000000004,92.6626012787279,-5.70095157811423,-87.6089094713417
33.4500000000004,91.1919053993834,-2.3051084306408,-89.150966763728
33.5000000000004,89.6132507450309,1.11298586863262,-90.6243904657378
33.5500000000004,88.0690471051485,4.55008865747009,-92.1184415480419
33.6000000000004,86.4753201243898,7.88961670589006,-93.562700647927
33.6500000000005,84.679011400878,11.2658271347321,-94.8442430202354
33.7000000000005,82.7707394741459,14.6432230684551,-95.9997467380486
33.7500000000005,80.7197837015419,17.994478004934,-97.0548473034637
33.8000000000005,78.5340525549907,21.2189721452849,-98.0479810093232
33.8500000000005,76.2451158904265,24.4275628128798,-98.9390013565027
33.9000000000005,73.9332513075439,27.657421402667,-99.7542644284827
33.9500000000005,71.5645196914941,30.861592806124,-100.72217967119
34.0000000000005,69.2128559737493,33.9209958019737,-101.596246524376
34.0500000000005,66.7549859856409,36.9650162208712,-102.231255517048
34.1000000000005,64.1597463545623,40.0248448019563,-102.745794625421
34.1500000000005,61.5094075372258,43.0299913867982,-103.127788652818
34.2000000000005,58.8468110231494,45.9114004571864,-103.525254234895
34.2500000000005,56.1922264371989,48.7543749488772,-103.742035298094
34.3000000000005,53.4193581302178,51.581033104291,-103.72998740764
34.3500000000005,50.6239815973802,54.3348275766131,-103.727354337352
34.4000000000005,47.8355038205103,57.0543837295528,-103.682207512212
34.4500000000005,44.9883484282998,59.7450998358751,-103.435099412406
34.5000000000005,42.0233880174814,62.4308819659169,-103.02266692071
34.5500000000005,38.985979327798,65.0105001073398,-102.580237668299
34.6000000000005,35.9827916630395,67.563188603115,-102.018482408284
34.6500000000005,32.9374635115814,70.0172693719794,-101.337457906431
34.7000000000005,29.7807314806697,72.3744072814608,-100.412880125026
34.7500000000005,26.6028027350951,74.697117373867,-99.4520510094909
34.8000000000005,23.4109196768101,76.99856859259,-98.6500300407986
34.8500000000005,20.2339805554269,79.2486029411751,-97.7463472100402
34.9000000000005,16.8864572807964,81.4027782235433,-96.7082613214526
34.9500000000005,13.5129093254216,83.4104094984658,-95.6258058216808
35.0000000000005,10.1874684049819,85.2829907983549,-94.4416535821724
35.0500000000005,6.88193629071743,87.0110302260243,-93.1026675866339
35.1000000000005,3.40956827175609,88.582120440637,-91.63244487564
35.1500000000005,-0.0327607831873689,90.1044238569257,-90.1384883235154
35.2000000000005,-3.36601047614515,91.6618378039674,-88.6336812038591
35.2500000000005,-6.71991704501718,93.1566737648315,-87.0825072561207
35.3000000000005,-10.1811880556152,94.3848032018219,-85.3450358547878
35.3500000000005,-13.5517019899889,95.5519163037323,-83.4499580122219
35.4000000000005,-16.8217265840465,96.6587413651536,-81.3703791597037
35.4500000000005,-20.1082019215421,97.6741834263538,-79.2306882560895
35.5000000000005,-23.3931212252109,98.6729045908469,-77.0412944613924
35.5500000000005,-26.6199736147371,99.5165504270189,-74.7722008418492
35.6000000000005,-29.7702974631669,100.406876796401,-72.415655996082
35.6500000000005,-32.8569136321039,101.276662098064,-70.0538709704968
35.7000000000005,-35.9600900638585,101.941672729478,-67.5605074924515
35.7500000000005,-39.0348079228475,102.512965190778,-65.0105955715685
35.8000000000005,-42.0103037616987,103.019599050747,-62.4324483002719
35.8500000000005,-44.9557728452349,103.493266251538,-59.8008639661196
35.9000000000005,-47.8228262865471,103.668376676602,-57.0848281243019
35.9500000000005,-50.6387532655866,103.726194832802,-54.3631841934561
36.0000000000005,-53.4177851247447,103.711021493389,-51.547191927247
36.0500000000005,-56.0748873958938,103.592328981408,-48.8197080957475
36.1000000000005,-58.8271214645292,103.448420189273,-45.8929209167452
36.1500000000005,-61.593792992799,103.206557087758,-43.0159587741824
36.2000000000005,-64.2111198682216,102.77452466537,-40.0176360601939
36.2500000000005,-66.7017448302337,102.220057447636,-37.0567389322274
36.3000000000005,-69.1681590096127,101.547612814875,-33.9376089219501
36.3500000000005,-71.5680958174317,100.678263104521,-30.8292180184927
36.4000000000005,-73.9197800155378,99.675024262417,-27.6383794662877
36.4500000000005,-76.2408191694247,98.8866503229645,-24.5057739241666
36.5000000000005,-78.5513405137517,98.0878403249992,-21.2447035134194
36.5500000000005,-80.7030751616566,97.0832597343638,-17.9895854339318
36.6000000000005,-82.7546857145342,95.9860585870478,-14.6304586035301
36.6500000000005,-84.6244076555805,94.7971390946095,-11.3898013567271
36.7000000000005,-86.3947882527993,93.4621124213506,-7.87699769390748
36.7500000000005,-88.0833138090506,92.0809222697971,-4.52872621327871
36.8000000000005,-89.6577051442263,90.6600101003507,-1.04741905006811
36.8500000000005,-91.2416628506749,89.1703038841782,2.18749980389898
36.9000000000005,-92.6159859458747,87.6142993036824,5.65592683099025
36.9500000000005,-93.9479948617764,85.9290110886921,9.03564448241023
37.0000000000005,-95.1457277312387,84.0048374602761,12.4708747585817
37.0500000000005,-96.2694257963598,82.0137630236087,15.6882963337496
37.1000000000005,-97.3940196427954,79.9222875240013,19.1032680342224
37.1500000000006,-98.423937972696,77.7819730565168,22.3404376585834
37.2000000000006,-99.2709835274974,75.5689979835164,25.5909513147756
37.2500000000006,-100.052649969894,73.1499079917247,28.714421127557
37.3000000000006,-100.954798368458,70.8160260254559,31.8579549577164
37.3500000000006,-101.698440714919,68.3204682640387,34.9276627109712
37.4000000000006,-102.368821369271,65.8049977222447,38.087791259318
37.4500000000006,-102.913115133357,63.3027495197846,41.0030129567596
37.5000000000006,-103.394169133765,60.6647373111929,44.0423414557323
37.5500000000006,-103.62567295525,58.0015015953006,46.8692854212216
37.6000000000006,-103.749206031538,55.1953090910334,49.7633199316916
37.6500000000006,-103.603873864179,52.5211635973283,52.4109178597792
37.7000000000006,-103.622509729473,49.6442548239856,55.273852430055
37.7500000000006,-103.575856363128,46.8555236067408,57.9759521352086
37.8000000000006,-103.362989826072,43.9824417770723,60.7422553583414
37.8500000000006,-102.962773226241,41.0569078926148,63.3058537071979
37.9000000000006,-102.425455740369,38.0187045648506,65.9040045766768
37.9500000000006,-101.729118135609,34.9545306143101,68.3382298888516
38.0000000000006,-100.922665107107,31.7952955077233,70.8212171157208
38.0500000000006,-100.031267871137,28.7509711861494,73.1643011489391
38.1000000000006,-99.1933529303932,25.5414082233157,75.5633943442369
38.1500000000006,-98.4356825587171,22.3703469634512,77.8311259636227
38.2000000000006,-97.4306202321505,19.0154547200444,80.0328547208479
38.2500000000006,-96.3538247111137,15.8335203209015,82.0343171350255
38.3000000000006,-95.1341331142069,12.4375240504826,84.0036551828407
38.3500000000006,-93.8718994301774,9.06522611332838,85.8615033730156
38.4000000000006,-92.5860833208916,5.60517850354825,87.5942006846195
38.4500000000006,-91.1998207438414,2.30687682292396,89.2509633669036
38.5000000000006,-89.7171860053689,-1.08907650211099,90.7099586353016
38.5500000000006,-88.1744108707172,-4.53132243373455,92.155930934103
38.6000000000006,-86.4511138205812,-7.87692911728755,93.4617262320508
38.6500000000006,-84.6260754166908,-11.3239098232815,94.7551224688009
38.7000000000006,-82.6963462214433,-14.5936664442825,95.9669361406827
38.7500000000006,-80.681953891833,-17.9654395778206,97.1009980398635
38.8000000000006,-78.5453036547543,-21.2575606825888,98.1237273823168
38.8500000000006,-76.3586809118244,-24.4759378614989,98.9988792349125
38.9000000000006,-73.9637940854293,-27.6397475863688,99.7637213332911
38.9500000000006,-71.5672102870996,-30.7677871705925,100.599612670241
39.0000000000006,-69.1208110008149,-33.9631781864075,101.525860547783
39.0500000000006,-66.7042815462748,-36.9830656809483,102.209205103635
39.1000000000006,-64.1715037000667,-40.0483844528682,102.815703990871
39.1500000000006,-61.5901133589997,-43.0074872536135,103.255976707069
39.2000000000006,-58.8687832323392,-45.9625859947815,103.580419856625
39.2500000000006,-56.1652345094299,-48.7118573720036,103.642423819837
39.3000000000006,-53.3965582001,-51.5498525825231,103.653858924851
39.3500000000006,-50.6114366889654,-54.325025749431,103.674665772509
39.4000000000006,-47.8132586570451,-57.095852705073,103.666147760972
39.4500000000006,-44.9698839454565,-59.7839500609287,103.53283535961
39.5000000000006,-42.0647032240312,-62.4401117211948,103.124641231046
39.5500000000006,-39.0434028543529,-64.9765253324003,102.575180448141
39.6000000000006,-35.9521978704042,-67.5211003287865,101.929499784728
39.6500000000006,-32.8624398846739,-69.9826042728727,101.255241111885
39.7000000000006,-29.7860365095115,-72.3971637123477,100.384986865996
39.7500000000006,-26.6422516761194,-74.7456920900877,99.5213231385983
39.8000000000006,-23.421675023757,-77.0826153554896,98.7565578675029
39.8500000000006,-20.190839923202,-79.2300085931183,97.785853712235
39.9000000000006,-16.9092047144948,-81.3152990496521,96.6660375933855
39.9500000000006,-13.5398595896402,-83.3412206022899,95.5281530485295
40.0000000000006,-10.1780668336865,-85.2659868084071,94.3745037517413
40.0500000000006,-6.79534480707455,-87.0928978301766,93.1084305329027
40.1000000000006,-3.45400550098462,-88.66123060153,91.7200382742234
40.1500000000006,-0.0432918222742495,-90.1411732471627,90.2142806393905
40.2000000000006,3.42999762598328,-91.6100919051724,88.6684101909946
40.2500000000006,6.76362019022048,-93.0265189052451,87.0125408139219
40.3000000000006,10.0961896608476,-94.3536318790467,85.2491896484303
40.3500000000006,13.5080794104359,-95.5942936037547,83.3962218917175
40.4000000000006,16.8822186464934,-96.7441187650128,81.4169083137237
40.4500000000006,20.1558871090313,-97.7487857118857,79.320687960964
40.5000000000006,23.3559877889883,-98.6679750135579,77.0879238764088
40.5500000000006,26.560360547197,-99.4121239016502,74.7341500564619
40.6000000000006,29.7890240186843,-100.325132032789,72.3613410805315
40.6500000000007,32.8882144317683,-101.284197992926,70.0100389526556
40.7000000000007,35.9577986115717,-102.011800435694,67.5800097448842
40.7500000000007,39.0318324585831,-102.603607325259,65.0586165698141
40.8000000000007,42.0528060680014,-103.082381743877,62.4669236105446
40.8500000000007,44.8927409979288,-103.399495351809,59.7928159175576
40.9000000000007,47.8082803233026,-103.600431556695,57.0816399857549
40.9500000000007,50.6356948292791,-103.657558359451,54.316540998921
41.0000000000007,53.435980848428,-103.704341552326,51.5495265134241
41.0500000000007,56.1732812065496,-103.702221401577,48.7725796395283
41.1000000000007,58.8754173696771,-103.592448044535,45.9815897134808
41.1500000000007,61.526149698789,-103.184766438179,43.0242200239855
41.2000000000007,64.1401618111553,-102.68372439939,40.0238281894105
41.2500000000007,66.6883500229748,-102.120814731406,36.9931558002773
41.3000000000007,69.1949545048753,-101.500535186584,33.9398274503316
41.3500000000007,71.6231833006567,-100.727660347006,30.8341330900402
41.4000000000007,73.9573168333793,-99.8084804930389,27.6650900425945
41.4500000000007,76.2739637578957,-98.9664969797249,24.4992485398593
41.5000000000007,78.4762990745314,-98.0149553283048,21.2776751045296
41.5500000000007,80.6284652484893,-96.9801652273918,17.9764344371197
41.6000000000007,82.7396453141091,-95.9327043610036,14.616414811961
41.6500000000007,84.6961380333433,-94.8028292140421,11.2829633496053
41.7000000000007,86.4698280944498,-93.5511047109022,8.00537369575471
41.7500000000007,88.1216718127734,-92.1673268527495,4.49784883448878
41.8000000000007,89.6091267786922,-90.6685382598374,1.112681907251
41.8500000000007,91.0989626701864,-89.0834500431353,-2.26940075739368
41.9000000000007,92.5954145115287,-87.5605145265168,-5.607387173161
41.9500000000007,93.9908547680032,-85.8901775852736,-9.07754770442581
42.0000000000007,95.2155181178454,-84.0513436268825,-12.4551149538665
42.0500000000007,96.3456156904487,-82.0707459263587,-15.7578565510069
42.1000000000007,97.3897840225617,-80.002217587424,-19.0218362043432
42.1500000000007,98.3287368319373,-77.7608199983282,-22.3336552460229
42.2000000000007,99.1636476214738,-75.4657040735074,-25.5745352109044
42.2500000000007,100.059586268852,-73.1171101772465,-28.7609699636332
42.3000000000007,101.035126015043,-70.852394941032,-31.8228646869662
42.3500000000007,101.797526123886,-68.3572670309163,-34.9736591475841
42.4000000000007,102.391792482535,-65.8573951415786,-38.0354433311164
42.4500000000007,102.865095394992,-63.2559038121638,-41.0587032128995
42.5000000000007,103.315519082723,-60.6866663179451,-43.943844044888
42.5500000000007,103.555930867977,-57.9250706552054,-46.8995646502851
42.6000000000007,103.72347368052,-55.207433374278,-49.7379834814482
42.6500000000007,103.723774550496,-52.4891459256366,-52.499157814182
42.7000000000007,103.743575226099,-49.7375489667723,-55.267041550911
42.7500000000007,103.586165849683,-46.8578560144678,-57.9643735328977
42.8000000000007,103.261437186686,-43.9968526436613,-60.6487850260007
42.8500000000007,102.84705429098,-40.9851759446689,-63.3055254630965
42.9000000000007,102.390917091877,-38.0335636872448,-65.9327164639117
42.9500000000007,101.788494357888,-34.9326623226204,-68.389841042012
43.0000000000007,101.028339602317,-31.8525268151509,-70.8287687527032
43.0500000000007,100.072476637181,-28.7088233700844,-73.182419389444
43.1000000000007,99.1630152485676,-25.5846223978085,-75.4892750559966
43.1500000000007,98.3328704046693,-22.320962515549,-77.7840664538051
43.2000000000007,97.3683531165315,-19.0871943224974,-80.0023517630169
43.2500000000007,96.363958035368,-15.7015078364559,-82.1279496939325
43.3000000000007,95.2072988418542,-12.5329871675889,-84.057150488247
43.3500000000007,93.9922429469117,-9.02569650248319,-85.9052670749949
43.4000000000007,92.6149292824824,-5.69342708777065,-87.5668229844798
43.4500000000007,91.1047834180889,-2.19942774166648,-89.100100865597
43.5000000000007,89.63019834486,1.05687154791256,-90.7250473544777
43.5500000000007,88.1340528303506,4.54018560227698,-92.1677951396327
43.6000000000007,86.4797711653154,7.87840226860126,-93.5764413410517
43.6500000000007,84.6940056196521,11.3101348074984,-94.8053293297002
43.7000000000007,82.7488460093587,14.5902517845076,-95.9670951052169
43.7500000000007,80.6617108107599,17.9617947518568,-97.0097802647095
43.8000000000007,78.5034577805577,21.2229240333095,-98.0500872229914
43.8500000000007,76.2635067972478,24.5118357023505,-98.9988170049483
43.9000000000007,73.9590396421097,27.6552953944353,-99.8002911705649
43.9500000000007,71.6180965629687,30.8177110157737,-100.719972019097
44.0000000000007,69.2065230818678,33.9019764457854,-101.557648710528
44.0500000000007,66.693449288418,36.9918863757401,-102.182561683013
44.1000000000007,64.1281944383776,40.0243254702853,-102.672575850199
44.1500000000008,61.5417365666254,43.0197459140758,-103.219837151849
44.2000000000008,58.8737687712387,45.9281030222164,-103.58712136611
44.2500000000008,56.169067721098,48.8047759512694,-103.735856200319
44.3000000000008,53.4489883348621,51.5227609270968,-103.749222642803
44.3500000000008,50.6251337042229,54.3166237661052,-103.68285869337
44.4000000000008,47.8377930149765,56.9966146837825,-103.564750836539
44.4500000000008,44.8997247012783,59.8129300695221,-103.453644812936
44.5000000000008,42.0604622379472,62.4534036189223,-103.098194924892
44.5500000000008,39.0364273428379,65.0312061626723,-102.614542676697
44.6000000000008,36.0050895192071,67.5253620099361,-102.044730202602
44.6500000000008,32.8629977798733,70.0181667035482,-101.305969118325
44.7000000000008,29.7919462550905,72.3212522738356,-100.360146549677
44.7500000000008,26.6050412300178,74.676564165421,-99.4147187999723
44.8000000000008,23.4439568764411,77.0503561643365,-98.6809116702667
44.8500000000008,20.1493560991434,79.3299639389644,-97.7958449617422
44.9000000000008,16.9215740688489,81.3725360251824,-96.7549013807907
44.9500000000008,13.5612071900904,83.3693583557515,-95.6268401425199
45.0000000000008,10.2081897486717,85.2311861427071,-94.3968204374224
45.0500000000008,6.74012743204999,86.94918881925,-93.0278582028343
45.1000000000008,3.46500388432036,88.6567052943762,-91.6457862501446
45.1500000000008,0.0230182639465726,90.1854862505391,-90.188661180223
45.2000000000008,-3.36326664986952,91.6865823665663,-88.6839766975522
45.2500000000008,-6.79989488521493,93.0785064498388,-87.0972177423351
45.3000000000008,-10.1375007769111,94.3788291282127,-85.3378839115002
45.3500000000008,-13.487182835577,95.5159637987185,-83.3723844257936
45.4000000000008,-16.8251148773813,96.6293511861155,-81.3484007797247
45.4500000000008,-20.1987280388843,97.7550340993957,-79.2907400558179
45.5000000000008,-23.3995736175868,98.719990517829,-77.0526232667928
45.5500000000008,-26.5848058135942,99.5068388100799,-74.7723616351706
45.6000000000008,-29.7408614646372,100.362345576685,-72.4232575002148
45.6500000000008,-32.8831918700323,101.256623212609,-70.0574031872886
45.7000000000008,-35.9543112339994,101.898597845348,-67.5129432055002
45.7500000000008,-39.0214783419313,102.549104781871,-65.017700956832
45.8000000000008,-42.0253612085064,103.08259231186,-62.46351770126
45.8500000000008,-45.014702655149,103.52181936788,-59.7715098666213
45.9000000000008,-47.7978123898753,103.673239853601,-57.1230777429699
45.9500000000008,-50.600214466866,103.677738375762,-54.3691418719183
46.0000000000008,-53.3767658399864,103.605657571572,-51.5505155647866
46.0500000000008,-56.1701568951223,103.597792936541,-48.7367256246546
46.1000000000008,-58.874361762441,103.547942806674,-45.9195511379878
46.1500000000008,-61.5745564326559,103.245450685457,-43.0483520964225
46.2000000000008,-64.1738699851002,102.79685526664,-40.0622923014848
46.2500000000008,-66.7085124281935,102.193016376617,-37.0019785228043
46.3000000000008,-69.1414521844419,101.47972853421,-33.9385994795072
46.3500000000008,-71.5504128211375,100.62706929639,-30.8433662311486
46.4000000000008,-73.9464324853428,99.7099967007045,-27.6743730205137
46.4500000000008,-76.3235056517433,98.9336881212226,-24.4374849612322
46.5000000000008,-78.5561056243633,98.1241530313079,-21.2795673582622
46.5500000000008,-80.6693822347437,97.0980478571443,-18.0387356753314
46.6000000000008,-82.6959662802723,95.9275684838251,-14.6610780180267
46.6500000000008,-84.5615632991156,94.7051109892882,-11.2475733054107
46.7000000000008,-86.4543481330546,93.465093013666,-7.91590415864185
46.7500000000008,-88.1824533165132,92.1415699414346,-4.59075654357211
46.8000000000008,-89.6700553831831,90.67808198268,-1.12064497932773
46.8500000000008,-91.1598159223398,89.1978849570932,2.28436255514164
46.9000000000008,-92.5950992834715,87.6231178202178,5.6475697755437
46.9500000000008,-93.9155852965828,85.861588928503,9.0108104911657
47.0000000000008,-95.1373814216727,83.9734554499882,12.4247347694079
47.0500000000008,-96.3070708194237,82.0337878290989,15.7981355180359
47.1000000000008,-97.4398810151562,79.9762205108176,19.0787210140847
47.1500000000008,-98.4431042291951,77.8334576102749,22.3236466079602
47.2000000000008,-99.2182624187363,75.5239607782993,25.5524152610037
47.2500000000008,-100.008442423443,73.1525413034365,28.7294189884091
47.3000000000008,-100.915898860329,70.7464138010874,31.8578245631668
47.3500000000008,-101.740794508799,68.3548221375901,34.9343624680321
47.4000000000008,-102.416258207739,65.8289750780305,38.0422499194177
47.4500000000008,-102.968346920847,63.2933207922193,41.0915366079689
47.5000000000008,-103.37685464306,60.6862659971713,44.0124269871567
47.5500000000008,-103.600879595649,57.9911935699623,46.8353725505544
47.6000000000008,-103.629077482095,55.2248922288645,49.6941881294904
47.6500000000009,-103.615958975143,52.4243292592358,52.5030089578793
47.7000000000009,-103.663937239214,49.6788367845924,55.266545053837
47.7500000000009,-103.670766211749,46.8883093819938,58.002111282513
47.8000000000009,-103.384212971436,43.9809613271236,60.6997214098959
47.8500000000009,-102.940351542231,41.0165702051468,63.3251970381932
47.9000000000009,-102.343675584775,38.0208729201925,65.8660305529329
47.9500000000009,-101.678854475117,34.938473953719,68.33165982675
48.0000000000009,-100.953864282093,31.8312450543423,70.8283748286737
48.0500000000009,-100.086876569448,28.7119431334998,73.2264052504567
48.1000000000009,-99.2352575653034,25.5534815658115,75.5703132532584
48.1500000000009,-98.4350055747532,22.3580490541198,77.7990364414488
48.2000000000009,-97.3891929937717,19.083963583566,79.9621971991438
48.2500000000009,-96.2803084344606,15.7421854800877,82.0270537787746
48.3000000000009,-95.1269213837702,12.4393301171954,84.0144563738546
48.3500000000009,-93.9491659906932,9.07947814169474,85.9786864865478
48.4000000000009,-92.6242191095231,5.66938651717197,87.6197380215085
48.4500000000009,-91.218744756717,2.26957255530347,89.1853232354439
48.5000000000009,-89.7117016137466,-1.17031639688736,90.685066752581
48.5500000000009,-88.0801031869741,-4.39557423952575,92.1127029376631
48.6000000000009,-86.4107395501038,-7.88660947225461,93.452506256067
48.6500000000009,-84.6501273261713,-11.327714167258,94.8129022191052
48.7000000000009,-82.7298074833116,-14.6835830185904,96.0256979916589
48.7500000000009,-80.7184724043991,-17.9156521957424,97.0881752565246
48.8000000000009,-78.5678835205547,-21.243262690066,98.1178083528426
48.8500000000009,-76.3012146144726,-24.4645297251123,98.9573105803386
48.9000000000009,-73.893751187091,-27.6716407841127,99.7101598786701
48.9500000000009,-71.5788958025856,-30.7839995106923,100.637970613007
49.0000000000009,-69.1733530830865,-33.937685317974,101.573970845855
49.0500000000009,-66.7233751763097,-37.0109275306874,102.246847329707
49.1000000000009,-64.1524505579233,-40.0620572330868,102.82018640335
49.1500000000009,-61.6185581648981,-42.9710161661578,103.223670781479
49.2000000000009,-58.8455345070804,-45.9151841244715,103.483571308628
49.2500000000009,-56.1365623166282,-48.7517463952247,103.646736922802
49.3000000000009,-53.3679246131624,-51.6051194843758,103.68820936853
49.3500000000009,-50.6797213489996,-54.336824337462,103.774500117895
49.4000000000009,-47.8317629464631,-57.0656622954407,103.685817836229
49.4500000000009,-44.9874622213847,-59.7744421499058,103.50129051834
49.5000000000009,-41.9902314835341,-62.4251891893257,103.048242383702
49.5500000000009,-39.0829651458668,-64.9703004974811,102.539803069877
49.6000000000009,-35.939763046518,-67.5399359576129,101.960096652696
49.6500000000009,-32.8971428958208,-70.0243730644498,101.28414109898
49.7000000000009,-29.7679466734524,-72.4171399948725,100.475432330153
49.7500000000009,-26.6344183898304,-74.7115704158835,99.4990422537242
49.8000000000009,-23.4351091417345,-77.004914209618,98.7108410811994
49.8500000000009,-20.2109372868386,-79.2054431323536,97.7046626059359
49.9000000000009,-16.791802788888,-81.3611192913158,96.6916873215924
49.9500000000009,-13.6489091016445,-83.3892666212024,95.5736246741472
50.0000000000009,-10.1608939741021,-85.3161027307317,94.4171921486692
50.0500000000009,-6.84596683011907,-87.0319431839245,93.1240401668754
50.1000000000009,-3.2986998015383,-88.6399716246011,91.7403172122447
50.1500000000009,-0.136982579553857,-90.0936974884109,90.1528092930515
50.2000000000009,3.42301937596434,-91.6029717147765,88.6217839402734
50.2500000000009,6.73559176001426,-93.0700608707452,87.0190362357143
50.3000000000009,10.1880847529545,-94.418239672559,85.2942829681999
50.3500000000009,13.4794189630261,-95.6037932878549,83.4403463601904
50.4000000000009,16.8619451496882,-96.7086376401269,81.4432051688638
50.4500000000009,20.1155210131465,-97.690713898279,79.2872646120016
50.5000000000009,23.4443429719489,-98.6290155090061,77.0222088405178
50.5500000000009,26.5516826265366,-99.4445512552497,74.7576461256197
50.6000000000009,29.7642330945208,-100.384083436489,72.3862249764678
50.6500000000009,32.8699863303522,-101.303448767432,70.0534495462965
50.7000000000009,36.0266792983738,-102.02752400332,67.5349528661506
50.7500000000009,38.9707871430578,-102.551616340791,65.0833552131075
50.8000000000009,42.0114881942418,-103.020026616425,62.4488467125694
50.8500000000009,44.9343380176048,-103.373221028365,59.7654093908717
50.9000000000009,47.8589782597677,-103.62109873991,57.0431323035098
50.9500000000009,50.620139691725,-103.771245168305,54.3706042959635
51.0000000000009,53.4175776955231,-103.713353235494,51.6036726093627
51.0500000000009,56.1476747386358,-103.694896608584,48.7631310445497
51.100000000001,58.8319947911564,-103.475735981895,45.9222312850188
51.150000000001,61.539234180587,-103.157757088957,42.9933456206866
51.200000000001,64.1737155763655,-102.709734944157,40.0694693695908
51.250000000001,66.7232112236127,-102.184993352752,37.0131605085444
51.300000000001,69.1880741996553,-101.551560857201,33.9130312202535
51.350000000001,71.5977580266322,-100.747351153937,30.8440093028245
51.400000000001,73.9284712821153,-99.7423895137863,27.6911302317234
51.450000000001,76.2149637187892,-98.8594401555275,24.5201642810089
51.500000000001,78.5273330451955,-98.0299513622489,21.1770763973368
51.550000000001,80.6970762093068,-97.0338148577371,18.0226739842321
51.600000000001,82.758823256,-95.9687967854773,14.6681612797256
51.650000000001,84.6590008789819,-94.8069824908124,11.3437657517412
51.700000000001,86.4612492946376,-93.5555453597087,7.82987918239109
51.750000000001,88.0672567813881,-92.1060889712383,4.58357146072619
51.800000000001,89.6189982608353,-90.6187104994852,1.14425885813896
51.850000000001,91.1722942142509,-89.101777306472,-2.2574975559192
51.900000000001,92.6117772081109,-87.5796640771373,-5.68870361410179
51.950000000001,94.0056385819571,-85.9205993025497,-9.03083562893203
52.000000000001,95.2134460008916,-84.0556057008143,-12.4065788147226
52.050000000001,96.2785481984475,-82.0588759163057,-15.7451576477879
52.100000000001,97.340585038268,-79.9243307929393,-19.093669682746
52.150000000001,98.3616133236079,-77.7599858390954,-22.3576967907563
52.200000000001,99.2346654186028,-75.4921982530829,-25.5408359412773
52.250000000001,100.084649408809,-73.178620263952,-28.7132679807606
52.300000000001,101.045412169194,-70.8213620766634,-31.8999130113123
52.350000000001,101.747728064816,-68.3681474163983,-34.94832514362
52.400000000001,102.325704225756,-65.831067394424,-37.995187523836
52.450000000001,102.853190973336,-63.2587226199371,-41.0490039759664
52.500000000001,103.332486949638,-60.6410807955132,-44.0237849556752
52.550000000001,103.661211845321,-57.9665177475502,-46.9089841149278
52.600000000001,103.735049471659,-55.2645985103783,-49.6892860992182
52.650000000001,103.682608310452,-52.5030944161359,-52.4812615862857
52.700000000001,103.662702472108,-49.653937726935,-55.2701866155136
52.750000000001,103.540656630333,-46.85609293271,-57.978570183112
52.800000000001,103.290168599093,-43.9899000059707,-60.653342745508
52.850000000001,102.925039165569,-41.0296752407185,-63.3324936187346
52.900000000001,102.437289440925,-37.9933762928808,-65.906889200959
52.950000000001,101.798984208475,-34.944712169892,-68.3958815921074
53.000000000001,100.986373786995,-31.8677567714293,-70.7905964271308
53.050000000001,99.9977223517495,-28.7354388110927,-73.1425168792157
53.100000000001,99.1569697996002,-25.5053587080578,-75.5293419334468
53.150000000001,98.3879994891713,-22.3347057946915,-77.8462524635284
53.200000000001,97.423303592226,-19.1177365739587,-80.0161340743694
53.250000000001,96.3690825303033,-15.7755310616642,-82.0745224009201
53.300000000001,95.218648685067,-12.3928651015975,-84.0398806987436
53.350000000001,93.9261783760115,-9.08285372434869,-85.8538809888629
53.400000000001,92.5596155475425,-5.70001850091484,-87.577759801731
53.450000000001,91.1407550437931,-2.26123943724676,-89.1667573007146
53.500000000001,89.672127322819,1.15360498887385,-90.7244107743704
53.550000000001,88.1554073199209,4.5199589787609,-92.194606073393
53.600000000001,86.5307404872176,7.85737777213358,-93.5617608487388
53.650000000001,84.6729784113706,11.2885760465792,-94.7493628897381
53.700000000001,82.6790624409362,14.655951779935,-95.9145413247978
53.750000000001,80.641571934163,17.9636245962034,-97.0350034923621
53.800000000001,78.5189057585858,21.2179062994872,-98.116666056608
53.850000000001,76.3110631909855,24.4763101448092,-99.0295615308821
53.900000000001,73.9919085629487,27.6847401083297,-99.8101853524483
53.950000000001,71.6341087186281,30.807405634074,-100.694449591936
54.000000000001,69.1464149560758,33.8821647428045,-101.484013265976
54.050000000001,66.6695997764827,36.9926344885113,-102.132336451795
54.100000000001,64.1348006894282,40.0735049408135,-102.777267757072
54.150000000001,61.5628200189583,43.0446667817003,-103.276404248001
54.200000000001,58.9345022123067,45.884147027842,-103.584015050929
54.250000000001,56.1604359425899,48.7813446664526,-103.72031204043
54.300000000001,53.3965927122676,51.548098357268,-103.677516704841
54.350000000001,50.6160955140766,54.3208994939426,-103.619128031551
54.400000000001,47.8245358452722,57.0358128066362,-103.638955184758
54.450000000001,44.9455675498384,59.8110997847018,-103.498687550245
54.500000000001,42.0279490469977,62.4666220677189,-103.126906703992
54.550000000001,39.0586101169754,65.0301790062313,-102.61647485647
54.6000000000011,36.0143547563518,67.4922224304492,-102.014311117025
54.6500000000011,32.8849620123323,69.9650938410173,-101.224210371587
54.7000000000011,29.7502792279936,72.3638769157958,-100.337463032246
54.7500000000011,26.5765458326872,74.7558179491414,-99.4632388940803
54.8000000000011,23.504185662932,77.063323856833,-98.7642970151326
54.8500000000011,20.1768642950534,79.2723816718221,-97.79346216043
54.9000000000011,16.8787216533772,81.3541728832656,-96.7412959855196
54.9500000000011,13.5079879912309,83.3155872438149,-95.5638998780589
55.0000000000011,10.2816163265468,85.2616897490507,-94.3539684405525
55.0500000000011,6.77354945267772,87.0137888243838,-93.0389598888842
55.1000000000011,3.3680987292134,88.666660369382,-91.6743522081556
55.1500000000011,0.0576461140239237,90.1700619462162,-90.2449925278101
55.2000000000011,-3.37354246845278,91.6962765796581,-88.7183382849341
55.2500000000011,-6.76586366450682,93.0244101490987,-87.0806234100335
55.3000000000011,-10.1492393957026,94.3024847901899,-85.2418870189339
55.3500000000011,-13.4514509412281,95.525046163758,-83.3397246234402
55.4000000000011,-16.8879536501637,96.7459666454896,-81.3966039790648
55.4500000000011,-20.1554143775073,97.7610400216791,-79.2987245149465
55.5000000000011,-23.3994388974446,98.7064241485608,-77.0955845517024
55.5500000000011,-26.5981266430232,99.4772235653256,-74.7805940191534
55.6000000000011,-29.7224172155536,100.296896326543,-72.413586404998
55.6500000000011,-32.8761363649832,101.208196168998,-69.9784005700485
55.7000000000011,-35.967637690521,101.966515106805,-67.5353891011954
55.7500000000011,-39.0868089574398,102.627789939392,-65.0293279364456
55.8000000000011,-41.9801848983298,103.100444030871,-62.5038509055847
55.8500000000011,-44.9674689709978,103.479053760644,-59.8037733159734
55.9000000000011,-47.7885228673136,103.617198610974,-57.098770368198
55.9500000000011,-50.6357467861557,103.605355449499,-54.2924977464804
56.0000000000011,-53.381128145854,103.673758049558,-51.5584221183502
56.0500000000011,-56.1724436699551,103.672700314097,-48.7511235695121
56.1000000000011,-58.8786128315932,103.574198129275,-45.9408770414293
56.1500000000011,-61.5866006112231,103.228541919057,-43.0410776638823
56.2000000000011,-64.1155960315071,102.763908661307,-40.0655974259828
56.2500000000011,-66.676801103806,102.126492456605,-37.004079272509
56.3000000000011,-69.15371561523,101.459754449975,-33.9258962668121
56.3500000000011,-71.6263980569468,100.665191844635,-30.7891856885895
56.4000000000011,-73.9584429825787,99.7804971006243,-27.6786902334647
56.4500000000011,-76.2796726395962,98.9758370277201,-24.4941294337642
56.5000000000011,-78.5267505575185,98.1034919552191,-21.2734022892314
56.5500000000011,-80.660449762194,97.0230275688461,-17.9903734402198
56.6000000000011,-82.637019928852,95.8847134945239,-14.6374731752602
56.6500000000011,-84.6683690328614,94.7291375244241,-11.314292120867
56.7000000000011,-86.5135770853795,93.507690082392,-7.92140526733986
56.7500000000011,-88.1126642055047,92.193189601574,-4.48887197052883
56.8000000000011,-89.6944473475564,90.700598754356,-1.20003752919096
56.8500000000011,-91.1234625913662,89.156727310381,2.27438253526058
56.9000000000011,-92.5350919221038,87.5044629910254,5.57081228366618
56.9500000000011,-93.9455001813519,85.8586285260277,9.12996258462528
57.0000000000011,-95.2048211456166,84.0203730435526,12.4016143623756
57.0500000000011,-96.3581319645076,82.0522667673107,15.7689691437968
57.1000000000011,-97.4207469958625,80.0136258828971,19.0465712811233
57.1500000000011,-98.4098528715126,77.8130424914969,22.394565677446
57.2000000000011,-99.1489785275471,75.4970788675588,25.5241823963293
57.2500000000011,-99.9785384325184,73.1060579662707,28.7186374536347
57.3000000000011,-100.972682219797,70.7806984853535,31.8474733429736
57.3500000000011,-101.842981042742,68.3333954283574,35.0073092144143
57.4000000000011,-102.416563900825,65.8860569330333,38.0278879021273
57.4500000000011,-102.940966790427,63.3103804992458,41.042686616477
57.5000000000011,-103.313602221845,60.6799240995809,44.0004143053724
57.5500000000011,-103.514532048142,57.90470545812,46.8814334700884
57.6000000000011,-103.688455193322,55.2371291429426,49.6824155932329
57.6500000000011,-103.697721879747,52.4764560381474,52.5132780415982
57.7000000000011,-103.716349074019,49.71233106697,55.2814079779468
57.7500000000011,-103.635168469055,46.8426273624833,57.9902810442273
57.8000000000011,-103.367916902277,44.0099161362539,60.6916175031757
57.8500000000011,-102.861940947526,41.0442206767603,63.2861740529977
57.9000000000011,-102.316276914819,38.0041484157917,65.8556208720168
57.9500000000011,-101.755577771163,34.894956909805,68.4118494785119
58.0000000000011,-101.012646203853,31.8479239873731,70.8434616274023
58.0500000000011,-100.084838933659,28.7348704175083,73.197142872107
58.1000000000012,-99.2144841939246,25.5685033658265,75.5301723330068
58.1500000000012,-98.4173016987731,22.3378891137277,77.8042067476095
58.2000000000012,-97.3299578268848,19.0758817460301,79.9352243989587
58.2500000000012,-96.2854419615922,15.7797938382503,82.0733044604838
58.3000000000012,-95.1728090016687,12.4556316877295,84.0722282048653
58.3500000000012,-94.0008225111677,8.97426837489723,85.9423682111746
58.4000000000012,-92.6623466592513,5.70100354882641,87.6085065980298
58.4500000000012,-91.1915935585395,2.30509734101714,89.1504594817072
58.5000000000012,-89.6129078655991,-1.1130605231302,90.6241107348907
58.5500000000012,-88.0686781523407,-4.55022786132742,92.119944884875
58.6000000000012,-86.4749339159096,-7.88982038499697,93.5602484552098
58.6500000000012,-84.6786175030092,-11.266099045722,94.8443786154465
58.7000000000012,-82.7703648597453,-14.643589182875,95.9993919039538
58.7500000000012,-80.7193482786445,-17.9949250101896,97.0530671996581
58.8000000000012,-78.5343482150455,-21.2194727490267,98.0473112127804
58.8500000000012,-76.243547217949,-24.4281155069903,98.938300930165
58.9000000000012,-73.9321748848468,-27.6580289172373,99.7535630200583
58.9500000000012,-71.5659898254054,-30.8622540633779,100.721490706778
59.0000000000012,-69.2124514690332,-33.921696402634,101.595467894253
59.0500000000012,-66.7541189776166,-36.965750407032,102.231453572622
59.1000000000012,-64.1599913705332,-40.0256210778227,102.742471347949
59.1500000000012,-61.509398973722,-43.0307694499837,103.12222424386
59.2000000000012,-58.8409266995715,-45.9122276525742,103.526930903166
59.2500000000012,-56.202226155998,-48.754987417603,103.747737714738
59.3000000000012,-53.3974163143897,-51.5869192684837,103.72813535272
59.3500000000012,-50.6422750707841,-54.3307703903095,103.725674230867
59.4000000000012,-47.8353546032978,-57.0552748192338,103.681513489602
59.4500000000012,-44.9871326847551,-59.7463889068256,103.434414633591
59.5000000000012,-42.0055231131811,-62.4362713853954,103.021983680013
59.5500000000012,-39.019502555791,-65.0033273451478,102.5795710884
59.6000000000012,-35.9712370430287,-67.5664675373835,102.017811796918
59.6500000000012,-32.9366481807603,-70.0184532271875,101.336798929595
59.7000000000012,-29.7785557828611,-72.3761778206389,100.412224229394
59.7500000000012,-26.6057190343166,-74.6970712077105,99.4514231303831
59.8000000000012,-23.4118322205751,-76.9991435553585,98.6494143427413
59.8500000000012,-20.2343315829095,-79.2495394450482,97.745737398725
59.9000000000012,-16.8871288948103,-81.4035067104549,96.707667797799
59.9500000000012,-13.5134642869766,-83.4112283674526,95.6252279915629
60.0000000000012,-10.1883254117591,-85.2834782233267,94.4410909302432
60.0500000000012,-6.88250348881425,-87.0117991429939,93.1021129294532
60.1000000000012,-3.4101004452769,-88.5828044820952,91.6318962350532
60.1500000000012,0.0320655576502293,-90.1049942655677,90.1379490519899
60.2000000000012,3.36537562141026,-91.6624323569642,88.63315496729
60.2500000000012,6.71927921631899,-93.1572305910452,87.0819748179782
60.3000000000012,10.1806321241477,-94.385427919694,85.3444980725593
60.3500000000012,13.5507648229127,-95.5521248395885,83.4494185192633
60.4000000000012,16.8213424254071,-96.6593122126746,81.3698538498086
60.4500000000012,20.1075329153955,-97.6745982795887,79.2300892679806
60.5000000000012,23.3924572038258,-98.6731853316317,77.0377351185061
60.5500000000012,26.6193333354031,-99.5168166187577,74.7684423313824
60.6000000000012,29.7707771089001,-100.407266786001,72.4199371621054
60.6500000000012,32.8548500987408,-101.276637505362,70.054470378266
60.7000000000012,35.9578806521382,-101.941860653254,67.5598492889939
60.7500000000012,39.0208263836561,-102.512949405074,65.0099811115978
60.8000000000012,42.0380537557458,-103.019735868252,62.4318359317766
60.8500000000012,44.9271065691359,-103.493301243328,59.8003909358441
60.9000000000012,47.8374815569332,-103.668283596433,57.0843346908473
60.9500000000012,50.638077687154,-103.726200167343,54.3627557327947
61.0000000000012,53.417634059561,-103.711040111855,51.5469508911465
61.0500000000012,56.0739775063351,-103.592307833567,48.8195509526351
61.1000000000012,58.824269671981,-103.445491332637,45.8974192223877
61.1500000000012,61.5799379292659,-103.209275434504,43.0063355253252
61.2000000000012,64.228265194155,-102.776000738675,40.0227488380039
61.2500000000012,66.7024787597792,-102.224219600084,37.0558923889158
61.3000000000012,69.1646427917186,-101.533352337807,33.937706046383
61.3500000000012,71.572668307405,-100.691377734298,30.8293176261953
61.4000000000012,73.9191046319659,-99.6727081762613,27.6385236132221
61.4500000000012,76.2401889834457,-98.8875256787666,24.5059854013302
61.5000000000012,78.5505998023339,-98.0811249397481,21.2449877189114
61.5500000000012,80.7049310521027,-97.0892541917007,17.9898621057245
61.6000000000013,82.754988998234,-95.985681346176,14.6308079584434
61.6500000000013,84.6250263405451,-94.7978947750513,11.3902055009718
61.7000000000013,86.3953497902634,-93.4625723425678,7.87745013021868
61.7500000000013,88.083934977147,-92.0814750194127,4.5292014195597
61.8000000000013,89.6583210564855,-90.6605433413252,1.047914757486
61.8500000000013,91.2422810311653,-89.1708452955348,-2.18698733868705
61.9000000000013,92.616594821458,-87.6147970467073,-5.65539151410277
61.9500000000013,93.9485960813902,-85.9294897070534,-9.03510175634892
62.0000000000013,95.1463048870177,-84.0052608403533,-12.4703033525719
62.0500000000013,96.269973765411,-82.0141365416305,-15.6876901078373
62.1000000000013,97.3945337262182,-79.9226004652206,-19.1026572694447
62.1500000000013,98.4244168583954,-77.782212653773,-22.3398416256404
62.2000000000013,99.2714147820585,-75.5691787322768,-25.5903604365076
62.2500000000013,100.053019675679,-73.1499821156506,-28.7138354692706
62.3000000000013,100.95511006526,-70.8160167607635,-31.8573790213777
62.3500000000013,101.698723583257,-68.3203711044239,-34.9271176611832
62.4000000000013,102.369056706959,-65.8047902303038,-38.0872624900891
